{"cameraMode":{"drawMode":0,"name":"Shaded","section":"Shading Mode"},"sceneLighting":true,"audioPlay":false,"sceneViewState":{"showFog":true,"showMaterialUpdate":false,"showSkybox":true,"showFlares":true,"showImageEffects":true,"showParticleSystems":true},"in2DMode":false,"pivot":{"x":24.213640213012697,"y":-55.7306022644043,"z":137.62799072265626},"rotation":{"x":-0.2792775332927704,"y":0.06963196396827698,"z":-0.02031044475734234,"w":-0.9574674963951111},"size":190.89358520507813,"orthographic":false}