{"cameraMode":{"drawMode":0,"name":"Shaded","section":"Shading Mode"},"sceneLighting":false,"audioPlay":false,"sceneViewState":{"showFog":true,"showMaterialUpdate":false,"showSkybox":false,"showFlares":true,"showImageEffects":true,"showParticleSystems":true},"in2DMode":false,"pivot":{"x":2.5531129837036135,"y":-2.6293153762817385,"z":-22.41884994506836},"rotation":{"x":-0.16456951200962068,"y":-0.5679376125335693,"z":0.11713548749685288,"w":-0.7979037165641785},"size":19.748620986938478,"orthographic":false}