{"cameraMode":{"drawMode":0,"name":"Shaded","section":"Shading Mode"},"sceneLighting":false,"audioPlay":false,"sceneViewState":{"showFog":true,"showMaterialUpdate":false,"showSkybox":false,"showFlares":true,"showImageEffects":true,"showParticleSystems":true},"in2DMode":false,"pivot":{"x":28.5679988861084,"y":-8.412337303161621,"z":-52.98235321044922},"rotation":{"x":-0.03240567445755005,"y":0.9452516436576843,"z":-0.09904247522354126,"w":-0.3092687427997589},"size":5.201710224151611,"orthographic":false}