{"cameraMode":{"drawMode":0,"name":"Shaded","section":"Shading Mode"},"sceneLighting":false,"audioPlay":false,"sceneViewState":{"showFog":true,"showMaterialUpdate":false,"showSkybox":false,"showFlares":true,"showImageEffects":true,"showParticleSystems":true},"in2DMode":false,"pivot":{"x":11.532181739807129,"y":1.0991830825805665,"z":-1.6365118026733399},"rotation":{"x":0.035302869975566867,"y":0.9472917318344116,"z":-0.1122034564614296,"w":0.29801663756370547},"size":4.178825378417969,"orthographic":false}