{"cameraMode":{"drawMode":0,"name":"Shaded","section":"Shading Mode"},"sceneLighting":false,"audioPlay":false,"sceneViewState":{"showFog":true,"showMaterialUpdate":false,"showSkybox":false,"showFlares":true,"showImageEffects":true,"showParticleSystems":true},"in2DMode":false,"pivot":{"x":-20.5802059173584,"y":0.21041059494018556,"z":-21.856590270996095},"rotation":{"x":0.21444284915924073,"y":0.08224985003471375,"z":-0.018107527866959573,"w":0.9731188416481018},"size":14.051094055175782,"orthographic":false}