{"cameraMode":{"drawMode":0,"name":"Shaded","section":"Shading Mode"},"sceneLighting":false,"audioPlay":false,"sceneViewState":{"showFog":true,"showMaterialUpdate":true,"showSkybox":false,"showFlares":true,"showImageEffects":true,"showParticleSystems":true},"in2DMode":false,"pivot":{"x":-1.4358572959899903,"y":0.1452649086713791,"z":-0.003388345241546631},"rotation":{"x":0.028991999104619027,"y":-0.9427005648612976,"z":0.32132017612457278,"w":0.08508305996656418},"size":3.7481117248535158,"orthographic":false}