{"cameraMode":{"drawMode":0,"name":"Shaded","section":"Shading Mode"},"sceneLighting":false,"audioPlay":false,"sceneViewState":{"showFog":true,"showMaterialUpdate":false,"showSkybox":false,"showFlares":true,"showImageEffects":true,"showParticleSystems":true},"in2DMode":false,"pivot":{"x":-155.72842407226563,"y":-1.8200147151947022,"z":-199.7390899658203},"rotation":{"x":0.24516616761684419,"y":-0.127226784825325,"z":0.03247307986021042,"w":0.9605565667152405},"size":6.006573677062988,"orthographic":false}