{"cameraMode":{"drawMode":0,"name":"Shaded","section":"Shading Mode"},"sceneLighting":false,"audioPlay":false,"sceneViewState":{"showFog":true,"showMaterialUpdate":false,"showSkybox":false,"showFlares":true,"showImageEffects":true,"showParticleSystems":true},"in2DMode":false,"pivot":{"x":8.942000389099121,"y":-0.6449999809265137,"z":6.4029998779296879},"rotation":{"x":-0.17955155670642854,"y":0.06251226365566254,"z":-0.011441878043115139,"w":-0.9817053079605103},"size":19.006908416748048,"orthographic":false}