{"cameraMode":{"drawMode":0,"name":"Shaded","section":"Shading Mode"},"sceneLighting":false,"audioPlay":false,"sceneViewState":{"showFog":true,"showMaterialUpdate":false,"showSkybox":false,"showFlares":true,"showImageEffects":true,"showParticleSystems":true},"in2DMode":false,"pivot":{"x":-18.699125289916993,"y":2.787649631500244,"z":-59.373260498046878},"rotation":{"x":0.09184400737285614,"y":0.20054855942726136,"z":-0.01887005940079689,"w":0.9752081036567688},"size":12.952715873718262,"orthographic":false}