{"cameraMode":{"drawMode":0,"name":"Shaded","section":"Shading Mode"},"sceneLighting":false,"audioPlay":false,"sceneViewState":{"showFog":true,"showMaterialUpdate":true,"showSkybox":false,"showFlares":true,"showImageEffects":true,"showParticleSystems":true},"in2DMode":false,"pivot":{"x":184.2029571533203,"y":1090.47509765625,"z":-9.076812744140625},"rotation":{"x":-0.017396941781044008,"y":0.00778954615816474,"z":-0.00023109003086574376,"w":-0.9998718500137329},"size":314.78179931640627,"orthographic":false}