{"cameraMode":{"drawMode":0,"name":"Shaded","section":"Shading Mode"},"sceneLighting":false,"audioPlay":false,"sceneViewState":{"showFog":true,"showMaterialUpdate":false,"showSkybox":false,"showFlares":true,"showImageEffects":true,"showParticleSystems":true},"in2DMode":false,"pivot":{"x":0.0006288886070251465,"y":1.4228768348693848,"z":-0.0007445812225341797},"rotation":{"x":0.1927327960729599,"y":0.3501771092414856,"z":-0.07386831939220429,"w":0.9136595129966736},"size":5.224705219268799,"orthographic":false}