{"cameraMode":{"drawMode":0,"name":"Shaded","section":"Shading Mode"},"sceneLighting":false,"audioPlay":false,"sceneViewState":{"showFog":true,"showMaterialUpdate":false,"showSkybox":false,"showFlares":true,"showImageEffects":true,"showParticleSystems":true},"in2DMode":false,"pivot":{"x":-4.179539203643799,"y":1.4164097309112549,"z":-0.28940248489379885},"rotation":{"x":0.1927327960729599,"y":0.3501771092414856,"z":-0.07386831939220429,"w":0.9136595129966736},"size":5.575066089630127,"orthographic":false}