{"cameraMode":{"drawMode":0,"name":"Shaded","section":"Shading Mode"},"sceneLighting":false,"audioPlay":false,"sceneViewState":{"showFog":true,"showMaterialUpdate":false,"showSkybox":false,"showFlares":true,"showImageEffects":true,"showParticleSystems":true},"in2DMode":false,"pivot":{"x":28.489999771118165,"y":-5.6399993896484379,"z":-58.92000198364258},"rotation":{"x":0.08629722893238068,"y":-0.909083366394043,"z":0.33225104212760928,"w":0.23611079156398774},"size":22.0,"orthographic":false}