{"cameraMode":{"drawMode":0,"name":"Shaded","section":"Shading Mode"},"sceneLighting":true,"audioPlay":false,"sceneViewState":{"showFog":false,"showMaterialUpdate":false,"showSkybox":false,"showFlares":false,"showImageEffects":false,"showParticleSystems":false},"in2DMode":false,"pivot":{"x":-155.86404418945313,"y":-40.91759490966797,"z":-157.40440368652345},"rotation":{"x":0.02471160516142845,"y":0.972109317779541,"z":-0.12017631530761719,"w":0.19988833367824555},"size":444.8790283203125,"orthographic":false}