{"cameraMode":{"drawMode":0,"name":"Shaded","section":"Shading Mode"},"sceneLighting":false,"audioPlay":false,"sceneViewState":{"showFog":true,"showMaterialUpdate":false,"showSkybox":false,"showFlares":true,"showImageEffects":true,"showParticleSystems":true},"in2DMode":false,"pivot":{"x":-3.703768253326416,"y":1.3421802520751954,"z":-18.610946655273439},"rotation":{"x":0.21444284915924073,"y":0.08224985003471375,"z":-0.018107527866959573,"w":0.9731188416481018},"size":10.23737907409668,"orthographic":false}