{"cameraMode":{"drawMode":0,"name":"Shaded","section":"Shading Mode"},"sceneLighting":false,"audioPlay":false,"sceneViewState":{"showFog":true,"showMaterialUpdate":true,"showSkybox":false,"showFlares":true,"showImageEffects":true,"showParticleSystems":true},"in2DMode":false,"pivot":{"x":11.04422378540039,"y":8.77077865600586,"z":2.68536376953125},"rotation":{"x":-0.028703048825263978,"y":-0.8859699368476868,"z":0.45955806970596316,"w":-0.055320627987384799},"size":160.42491149902345,"orthographic":false}