{"cameraMode":{"drawMode":0,"name":"Shaded","section":"Shading Mode"},"sceneLighting":false,"audioPlay":false,"sceneViewState":{"showFog":true,"showMaterialUpdate":false,"showSkybox":false,"showFlares":true,"showImageEffects":true,"showParticleSystems":true},"in2DMode":false,"pivot":{"x":1.37508225440979,"y":1.795684814453125,"z":1.3008174896240235},"rotation":{"x":0.24594895541667939,"y":0.37964969873428347,"z":-0.1054379865527153,"w":0.8855841159820557},"size":8.751656532287598,"orthographic":false}