{"cameraMode":{"drawMode":0,"name":"Shaded","section":"Shading Mode"},"sceneLighting":false,"audioPlay":false,"sceneViewState":{"showFog":true,"showMaterialUpdate":true,"showSkybox":false,"showFlares":true,"showImageEffects":true,"showParticleSystems":true},"in2DMode":false,"pivot":{"x":-2.745800495147705,"y":2.1924376487731935,"z":-0.00022274255752563477},"rotation":{"x":0.17801281809806825,"y":-0.6530291438102722,"z":0.1618906855583191,"w":0.7181040644645691},"size":10.675410270690918,"orthographic":false}