{"cameraMode":{"drawMode":0,"name":"Shaded","section":"Shading Mode"},"sceneLighting":false,"audioPlay":false,"sceneViewState":{"showFog":true,"showMaterialUpdate":false,"showSkybox":false,"showFlares":true,"showImageEffects":true,"showParticleSystems":true},"in2DMode":false,"pivot":{"x":-1.5396538972854615,"y":1.4228754043579102,"z":1.4305031299591065},"rotation":{"x":0.1927327960729599,"y":0.3501771092414856,"z":-0.07386831939220429,"w":0.9136595129966736},"size":5.575066566467285,"orthographic":false}