{"cameraMode":{"drawMode":0,"name":"Shaded","section":"Shading Mode"},"sceneLighting":false,"audioPlay":false,"sceneViewState":{"showFog":true,"showMaterialUpdate":true,"showSkybox":false,"showFlares":true,"showImageEffects":true,"showParticleSystems":true},"in2DMode":false,"pivot":{"x":1559.695068359375,"y":932.7767333984375,"z":0.0},"rotation":{"x":-0.017396941781044008,"y":0.00778954615816474,"z":-0.00023109003086574376,"w":-0.9998718500137329},"size":1051.15283203125,"orthographic":false}