{"cameraMode":{"drawMode":0,"name":"Shaded","section":"Shading Mode"},"sceneLighting":false,"audioPlay":false,"sceneViewState":{"showFog":true,"showMaterialUpdate":false,"showSkybox":true,"showFlares":true,"showImageEffects":true,"showParticleSystems":true},"in2DMode":false,"pivot":{"x":23.41490936279297,"y":2.446107864379883,"z":19.404720306396486},"rotation":{"x":-0.32575422525405886,"y":-0.0036901466082781555,"z":0.001270019798539579,"w":-0.9454532861709595},"size":6.266026496887207,"orthographic":false}