{"cameraMode":{"drawMode":0,"name":"Shaded","section":"Shading Mode"},"sceneLighting":false,"audioPlay":false,"sceneViewState":{"showFog":true,"showMaterialUpdate":false,"showSkybox":false,"showFlares":true,"showImageEffects":true,"showParticleSystems":true},"in2DMode":false,"pivot":{"x":12.700544357299805,"y":3.6988229751586916,"z":11.440963745117188},"rotation":{"x":0.1671776920557022,"y":-0.45092806220054629,"z":0.08640378713607788,"w":0.8725241422653198},"size":20.5676326751709,"orthographic":false}