{"cameraMode":{"drawMode":0,"name":"Shaded","section":"Shading Mode"},"sceneLighting":false,"audioPlay":false,"sceneViewState":{"showFog":false,"showMaterialUpdate":false,"showSkybox":false,"showFlares":false,"showImageEffects":false,"showParticleSystems":false},"in2DMode":false,"pivot":{"x":-227.29180908203126,"y":3.675656318664551,"z":-168.2143096923828},"rotation":{"x":0.14049169421195985,"y":-0.4869358241558075,"z":0.07987403124570847,"w":0.85843425989151},"size":224.57945251464845,"orthographic":false}