{"cameraMode":{"drawMode":0,"name":"Shaded","section":"Shading Mode"},"sceneLighting":false,"audioPlay":false,"sceneViewState":{"showFog":false,"showMaterialUpdate":false,"showSkybox":false,"showFlares":false,"showImageEffects":false,"showParticleSystems":false},"in2DMode":false,"pivot":{"x":-28.68000030517578,"y":0.44999998807907107,"z":30.209999084472658},"rotation":{"x":0.003308939514681697,"y":-0.016188062727451326,"z":0.00006791388295823708,"w":0.9998809099197388},"size":22.0,"orthographic":false}