{"cameraMode":{"drawMode":0,"name":"Shaded","section":"Shading Mode"},"sceneLighting":false,"audioPlay":false,"sceneViewState":{"showFog":false,"showMaterialUpdate":false,"showSkybox":false,"showFlares":false,"showImageEffects":false,"showParticleSystems":false},"in2DMode":false,"pivot":{"x":-0.0019363164901733399,"y":2.8788022994995119,"z":5.023810863494873},"rotation":{"x":0.09839902818202973,"y":0.2682412564754486,"z":-0.0273864958435297,"w":0.9579888582229614},"size":16.148130416870118,"orthographic":false}