{"cameraMode":{"drawMode":0,"name":"Shaded","section":"Shading Mode"},"sceneLighting":false,"audioPlay":false,"sceneViewState":{"showFog":false,"showMaterialUpdate":false,"showSkybox":false,"showFlares":false,"showImageEffects":false,"showParticleSystems":false},"in2DMode":false,"pivot":{"x":28.489999771118165,"y":-5.6399993896484379,"z":-58.92000198364258},"rotation":{"x":0.003308939514681697,"y":-0.016188062727451326,"z":0.00006791388295823708,"w":0.9998809099197388},"size":22.0,"orthographic":false}