{"cameraMode":{"drawMode":0,"name":"Shaded","section":"Shading Mode"},"sceneLighting":false,"audioPlay":false,"sceneViewState":{"showFog":false,"showMaterialUpdate":false,"showSkybox":false,"showFlares":false,"showImageEffects":false,"showParticleSystems":false},"in2DMode":false,"pivot":{"x":63.35978317260742,"y":-2.8676538467407228,"z":-24.76040267944336},"rotation":{"x":0.11890602111816406,"y":-0.8202759027481079,"z":0.18570014834403993,"w":0.5279450416564941},"size":25.913705825805665,"orthographic":false}