{"cameraMode":{"drawMode":0,"name":"Shaded","section":"Shading Mode"},"sceneLighting":false,"audioPlay":false,"sceneViewState":{"showFog":false,"showMaterialUpdate":false,"showSkybox":false,"showFlares":false,"showImageEffects":false,"showParticleSystems":false},"in2DMode":false,"pivot":{"x":-0.00002378225326538086,"y":2.084589958190918,"z":9.276506423950196},"rotation":{"x":0.09839902818202973,"y":0.2682412564754486,"z":-0.0273864958435297,"w":0.9579888582229614},"size":7.901615619659424,"orthographic":false}